{
  "best_model_name": "XGBoost",
  "threshold_f1": 0.7212627530097961,
  "threshold_cost": 0.38,
  "final_threshold": 0.38,
  "cost_fp": 1,
  "cost_fn": 10,
  "validation_selection_table": [
    {
      "model": "XGBoost",
      "roc_auc": 0.8557109557109557,
      "f1_at_0.5": 0.5373134328358209,
      "recall_at_0.5": 0.6923076923076923,
      "precision_at_0.5": 0.43902439024390244,
      "threshold_f1": 0.7212627530097961,
      "f1_best": 0.6046511627906976,
      "threshold_cost": 0.38,
      "business_cost_best": 64.0,
      "recall_at_cost_threshold": 0.8846153846153846,
      "precision_at_cost_threshold": 0.40350877192982454,
      "fn_at_cost_threshold": 3,
      "fp_at_cost_threshold": 34
    },
    {
      "model": "Random Forest",
      "roc_auc": 0.865034965034965,
      "f1_at_0.5": 0.5531914893617021,
      "recall_at_0.5": 0.5,
      "precision_at_0.5": 0.6190476190476191,
      "threshold_f1": 0.6048784044967549,
      "f1_best": 0.5909090909090909,
      "threshold_cost": 0.26,
      "business_cost_best": 69.0,
      "recall_at_cost_threshold": 0.8461538461538461,
      "precision_at_cost_threshold": 0.43137254901960786,
      "fn_at_cost_threshold": 4,
      "fp_at_cost_threshold": 29
    },
    {
      "model": "Logistic Regression",
      "roc_auc": 0.8347319347319347,
      "f1_at_0.5": 0.4788732394366197,
      "recall_at_0.5": 0.6538461538461539,
      "precision_at_0.5": 0.37777777777777777,
      "threshold_f1": 0.7392418329739566,
      "f1_best": 0.625,
      "threshold_cost": 0.32,
      "business_cost_best": 81.0,
      "recall_at_cost_threshold": 0.9230769230769231,
      "precision_at_cost_threshold": 0.2823529411764706,
      "fn_at_cost_threshold": 2,
      "fp_at_cost_threshold": 61
    }
  ],
  "final_test_metrics": {
    "threshold": 0.38,
    "accuracy": 0.7717391304347826,
    "precision": 0.3050847457627119,
    "recall": 0.9473684210526315,
    "f1": 0.46153846153846156,
    "roc_auc": 0.938755980861244,
    "tn": 124,
    "fp": 41,
    "fn": 1,
    "tp": 18
  }
}